cutoff_week,model,attribute,group_A,group_B,n_A,n_B,flag_A,flag_B,dp_gap,dp_lo,dp_hi,tpr_A,tpr_B,eo_gap,eo_lo,eo_hi,fpr_A,fpr_B,fpr_gap,fpr_lo,fpr_hi
5,logreg,imd,deprived,affluent,2066,1647,0.5648596321393998,0.4201578627808136,0.14470176935858625,0.11513501623121866,0.1746917229307768,0.7521912350597609,0.688715953307393,0.06347528175236794,0.025510312251484483,0.10498513320071445,0.2749691738594328,0.18378995433789955,0.09117921952153327,0.05255360536686425,0.1345170115499262
5,logreg,disability,disabled,not_disabled,655,5864,0.5618320610687023,0.47783083219645295,0.08400122887224937,0.040598020786686576,0.1222112931276881,0.7468982630272953,0.7163540638367885,0.030544199190506882,-0.015024240492010899,0.07303296949046491,0.26587301587301587,0.22123893805309736,0.044634077819918516,-0.010744586400307498,0.10107929425767329
5,logreg,age,age_0_35,age_55plus,4612,53,0.5073720728534259,0.3584905660377358,0.14888150681569007,0.0024643464956061695,0.26599191608437384,0.7271671826625387,0.7,0.027167182662538703,-0.1597635935516194,0.21852157628026952,0.22731755424063116,0.15151515151515152,0.07580240272547964,-0.06033575367756642,0.183884249597978
5,rf,imd,deprived,affluent,2066,1647,0.5208131655372701,0.39344262295081966,0.12737054258645042,0.09732492001944339,0.15770040985075975,0.7402390438247012,0.688715953307393,0.05152309051730819,0.013809995496362568,0.09124743918348911,0.1812577065351418,0.13356164383561644,0.047696062699525366,0.012258011993605366,0.08366041219691463
5,rf,disability,disabled,not_disabled,655,5864,0.5328244274809161,0.44201909959072305,0.09080532789019302,0.049342345063161874,0.129493239900857,0.7245657568238213,0.705166173083251,0.01939958374057027,-0.02563892127925104,0.06429752109866275,0.2261904761904762,0.15893805309734513,0.06725242309313106,0.01402888522781617,0.12216908579054375
5,rf,age,age_0_35,age_55plus,4612,53,0.47961838681699914,0.32075471698113206,0.15886366983586708,0.024831346446513622,0.2725157096336055,0.7174922600619195,0.75,-0.03250773993808054,-0.2142396191836686,0.158589508452213,0.1765285996055227,0.06060606060606061,0.11592253899946209,0.02513296584745091,0.18170624101084434
5,hgb,imd,deprived,affluent,2066,1647,0.5295256534365924,0.40862173649058897,0.12090391694600344,0.08768958463009695,0.15364911473293869,0.747410358565737,0.7068741893644618,0.04053616920127523,0.0010963154845869936,0.08120760212531287,0.19235511713933415,0.1461187214611872,0.04623639567814694,0.011494857522463476,0.08204334500764833
5,hgb,disability,disabled,not_disabled,655,5864,0.5419847328244275,0.4532742155525239,0.0887105172719036,0.046660695874946645,0.12717190152359337,0.7444168734491315,0.7189865087199737,0.02543036472915783,-0.0214624656009127,0.06875843543802443,0.21825396825396826,0.16743362831858408,0.05082033993538418,-0.0019175772852198882,0.10293640723321482
5,hgb,age,age_0_35,age_55plus,4612,53,0.48742411101474414,0.33962264150943394,0.1478014695053102,0.0133246534880296,0.2590846888347052,0.7275541795665634,0.7,0.027554179566563475,-0.16044209837982737,0.21752532049360532,0.1814595660749507,0.12121212121212122,0.060247444862829486,-0.05606230983480759,0.1563768798552765
10,logreg,imd,deprived,affluent,2066,1647,0.5648596321393998,0.40619307832422585,0.15866655381517397,0.12723152806211066,0.190552794514477,0.8159362549800797,0.748378728923476,0.0675575260566037,0.0313606368349297,0.10499532926396858,0.17632552404438964,0.1050228310502283,0.07130269299416134,0.040572960044135804,0.10721988170029263
10,logreg,disability,disabled,not_disabled,655,5864,0.5725190839694656,0.4677694406548431,0.1047496433146225,0.06523217744706994,0.1454374277516845,0.8163771712158809,0.7769002961500494,0.03947687506583153,-0.0007771274553664627,0.08091257689253026,0.18253968253968253,0.1352212389380531,0.04731844360162943,-0.001607797227027167,0.09867496907551791
10,logreg,age,age_0_35,age_55plus,4612,53,0.5,0.4339622641509434,0.06603773584905659,-0.06911134202817912,0.18814055621921483,0.7844427244582043,0.8,-0.015557275541795756,-0.17174359089512234,0.1587547351967353,0.13757396449704143,0.21212121212121213,-0.0745472476241707,-0.22131511231911405,0.05081020973718809
10,rf,imd,deprived,affluent,2066,1647,0.5527589545014521,0.42319368548876746,0.12956526901268461,0.09670638216335137,0.16357751868955905,0.8119521912350598,0.77431906614786,0.03763312508719985,0.004097059778476653,0.07296264355771218,0.15166461159062886,0.1141552511415525,0.03750936044907635,0.002839927526099538,0.0730812176951226
10,rf,disability,disabled,not_disabled,655,5864,0.5816793893129771,0.4693042291950887,0.11237516011788845,0.07158262864105473,0.15212775194484654,0.8312655086848635,0.7857847976307996,0.04548071105406393,0.004043513921002798,0.08506237824624407,0.18253968253968253,0.1288495575221239,0.053690125017558626,0.0027925012449298513,0.10337963758515377
10,rf,age,age_0_35,age_55plus,4612,53,0.5117085862966175,0.3584905660377358,0.1532180202588817,0.021115445351748523,0.26710314765419163,0.798374613003096,0.7,0.09837461300309602,-0.09381752044789902,0.29749155636738017,0.14644970414201183,0.15151515151515152,-0.0050654473731396865,-0.13466216105897919,0.10584851393676727
10,hgb,imd,deprived,affluent,2066,1647,0.5542110358180058,0.4080145719489982,0.1461964638690076,0.11294825406397625,0.18099238487531374,0.8087649402390438,0.7600518806744487,0.04871305956459504,0.013388390118273061,0.08670060727582309,0.16029593094944514,0.09817351598173515,0.06212241496770998,0.030445700072168715,0.09466868581342373
10,hgb,disability,disabled,not_disabled,655,5864,0.5648854961832062,0.45770804911323326,0.1071774470699729,0.06494770784082982,0.14413673026254128,0.8114143920595533,0.7745969068772622,0.03681748518229111,-0.006810460373572025,0.07775044408831087,0.17063492063492064,0.1168141592920354,0.05382076134288524,0.0031066417014626907,0.10366242398290933
10,hgb,age,age_0_35,age_55plus,4612,53,0.4958803122289679,0.3584905660377358,0.13738974619123206,0.005086607537351271,0.25039130897249173,0.7836687306501547,0.7,0.08366873065015479,-0.11039455318010441,0.27957826838208144,0.1291913214990138,0.15151515151515152,-0.02232383001613772,-0.15705492477620261,0.08773426859643825
15,logreg,imd,deprived,affluent,2066,1647,0.5605033881897387,0.3989071038251366,0.16159628436460205,0.12970045569667868,0.19284650110412252,0.8326693227091634,0.754863813229572,0.07780550947959142,0.04258746505545886,0.11489794206996301,0.13933415536374846,0.08561643835616438,0.053717717007584084,0.025011709437921043,0.08440031564587609
15,logreg,disability,disabled,not_disabled,655,5864,0.5709923664122137,0.4542974079126876,0.11669495849952616,0.07561463139039605,0.1557839853472605,0.8312655086848635,0.7847976307996052,0.0464678778852583,0.005346570227585343,0.08676844195946516,0.15476190476190477,0.09876106194690265,0.056000842815002116,0.010855566644120629,0.10866465673456256
15,logreg,age,age_0_35,age_55plus,4612,53,0.49132697311361667,0.37735849056603776,0.11396848254757891,-0.025078036786725332,0.2295827946783616,0.7976006191950464,0.8,-0.0023993808049536103,-0.1591157467029855,0.17537344270319133,0.10108481262327416,0.12121212121212122,-0.02012730858884705,-0.148903004708644,0.07316801905673509
15,rf,imd,deprived,affluent,2066,1647,0.5716360116166506,0.42926533090467517,0.1423706807119754,0.11207291293801222,0.1736909520727939,0.851792828685259,0.814526588845655,0.037266239839603976,0.007131361597407085,0.07045101397252324,0.1381011097410604,0.09018264840182648,0.04791846133923393,0.016193776297089735,0.08100819376844363
15,rf,disability,disabled,not_disabled,655,5864,0.6061068702290077,0.47527285129604363,0.13083401893296404,0.09004935666454914,0.16956841720212862,0.8660049627791563,0.8183613030602171,0.047643659718939135,0.010186719234731984,0.08472918800631794,0.19047619047619047,0.10619469026548672,0.08428150021070374,0.03440961692647914,0.1368835166101742
15,rf,age,age_0_35,age_55plus,4612,53,0.5242844752818734,0.33962264150943394,0.18466183377243944,0.0521256075209871,0.29509943298041197,0.8363003095975232,0.75,0.08630030959752322,-0.10528528877627806,0.28359528255494354,0.1267258382642998,0.09090909090909091,0.0358167473552089,-0.07256589859445138,0.1256236039803487
15,hgb,imd,deprived,affluent,2066,1647,0.5314617618586641,0.3970856102003643,0.1343761516582998,0.1042803189935528,0.16673969686443305,0.8159362549800797,0.7808041504539559,0.03513210452612381,2.048521772757002e-05,0.07192877633194829,0.09124537607891492,0.0593607305936073,0.03188464548530762,0.006786862489518887,0.057869437443281595
15,hgb,disability,disabled,not_disabled,655,5864,0.5618320610687023,0.43877899045020463,0.12305307061849768,0.07920944721577124,0.1619198850796163,0.8337468982630273,0.7834814083580125,0.05026548990501478,0.010326903384787168,0.08804937227144956,0.12698412698412698,0.06796460176991151,0.05901952521421547,0.018288461156377247,0.10444839695943611
15,hgb,age,age_0_35,age_55plus,4612,53,0.4839549002601908,0.33962264150943394,0.14433225875075684,0.01331923284622561,0.2558539863195273,0.7999226006191951,0.75,0.04992260061919507,-0.14308804131776054,0.2486487339329894,0.08136094674556213,0.09090909090909091,-0.009548144163528782,-0.1186790089757382,0.0799015070321426
25,logreg,imd,deprived,affluent,2066,1647,0.5575992255566312,0.424408014571949,0.13319121098468223,0.10240840220507116,0.1657014484371537,0.8733067729083666,0.8521400778210116,0.021166695087354914,-0.008136122725992916,0.053073976121149107,0.0690505548705302,0.04794520547945205,0.02110534939107815,-0.001192055825341155,0.042753408413151006
25,logreg,disability,disabled,not_disabled,655,5864,0.5786259541984733,0.46640518417462484,0.11222077002384845,0.07133833821063706,0.15109890989658725,0.8858560794044665,0.8489634748272458,0.03689260457722077,1.934991493113301e-05,0.06950635872034305,0.0873015873015873,0.05486725663716814,0.032434330664419156,-0.003086364802348045,0.06957641032150656
25,logreg,age,age_0_35,age_55plus,4612,53,0.5060711188204683,0.3584905660377358,0.14758055278273247,0.007688413327005856,0.26209447462730534,0.8564241486068112,0.85,0.006424148606811175,-0.14058114665708124,0.17307015826791777,0.059664694280078895,0.06060606060606061,-0.0009413663259817129,-0.10229705234501753,0.06366362298393913
25,rf,imd,deprived,affluent,2066,1647,0.5658276863504357,0.4219793564055859,0.14384832994484975,0.11239332007328291,0.1782506887173781,0.8932270916334661,0.8651102464332037,0.028116845200262475,-0.0014571500815059228,0.058290242888510285,0.059186189889025895,0.0319634703196347,0.027222719569391193,0.008420210343336367,0.0462267564548389
25,rf,disability,disabled,not_disabled,655,5864,0.5786259541984733,0.4716916780354707,0.1069342761630026,0.06416197161096815,0.14731186798996077,0.913151364764268,0.8687068114511353,0.044444553313132684,0.012464706668107199,0.07468320262289965,0.04365079365079365,0.04460176991150443,-0.0009509762607107786,-0.025981764681805235,0.025351394768806757
25,rf,age,age_0_35,age_55plus,4612,53,0.5114917606244579,0.3584905660377358,0.15300119458672207,0.019364578049059902,0.27063740611039283,0.8734520123839009,0.85,0.023452012383900933,-0.12296108497494092,0.18908889687045632,0.05029585798816568,0.06060606060606061,-0.010310202617894927,-0.10708525953421995,0.05381934613586914
25,hgb,imd,deprived,affluent,2066,1647,0.5701839303000968,0.42501517911353975,0.1451687511865571,0.11475450245128725,0.17792313285148098,0.895617529880478,0.8638132295719845,0.03180430030849357,0.00136771264380223,0.060601047459308215,0.06658446362515413,0.03881278538812785,0.02777167823702628,0.008284484815666788,0.04929761744338223
25,hgb,disability,disabled,not_disabled,655,5864,0.5938931297709924,0.47629604365620737,0.11759708611478503,0.07749394676275476,0.15732748273851055,0.9205955334987593,0.8716683119447186,0.04892722155404072,0.018252144672677703,0.07876085605827068,0.07142857142857142,0.05097345132743363,0.020455120101137793,-0.010764307454457707,0.053843831199486936
25,hgb,age,age_0_35,age_55plus,4612,53,0.5160450997398092,0.3584905660377358,0.15755453370207334,0.025430276227724206,0.2764469022566234,0.8773219814241486,0.85,0.027321981424148656,-0.12094442984394725,0.1938868453319321,0.05571992110453649,0.06060606060606061,-0.0048861395015241185,-0.10128969974248003,0.0592383150522281
